UserID,isAd
U000001,0
U000003,0
U000004,0
U000005,0
U000006,0
U000008,0
U000009,0
U000011,0
U000012,0
U000013,0
U000014,0
U000015,0
U000016,0
U000017,0
U000019,0
U000020,0
U000021,1
U000022,0
U000023,1
U000024,0
U000025,1
U000026,0
U000027,0
U000028,0
U000029,0
U000030,0
U000031,0
U000032,0
U000033,0
U000034,1
U000035,0
U000036,0
U000037,1
U000038,0
U000039,0
U000040,1
U000041,0
U000042,0
U000043,0
U000044,0
U000045,1
U000046,0
U000048,0
U000049,0
U000050,0
U000051,0
U000052,0
U000053,0
U000054,0
U000055,0
U000056,0
U000057,0
U000058,0
U000059,0
U000060,0
U000061,0
U000062,0
U000063,0
U000064,0
U000065,0
U000066,0
U000067,0
U000068,0
U000069,0
U000070,1
U000071,0
U000072,0
U000073,0
U000074,0
U000075,0
U000076,1
U000077,0
U000078,0
U000079,0
U000080,0
U000081,0
U000082,0
U000083,0
U000084,0
U000086,1
U000087,1
U000088,0
U000090,0
U000092,0
U000093,0
U000094,0
U000095,0
U000096,0
U000097,0
U000098,0
U000099,0
U000100,0
U000101,0
U000102,0
U000103,0
U000104,0
U000105,0
U000106,0
U000107,0
U000108,1
U000109,0
U000110,0
U000111,0
U000112,0
U000113,0
U000114,0
U000115,0
U000116,0
U000117,0
U000118,0
U000119,0
U000120,0
U000121,0
U000123,0
U000124,0
U000125,0
U000126,0
U000127,1
U000128,0
U000129,0
U000131,0
U000132,0
U000133,0
U000134,1
U000135,0
U000136,0
U000137,0
U000138,0
U000139,0
U000140,0
U000141,0
U000142,1
U000144,0
U000145,0
U000146,0
U000147,0
U000148,0
U000149,0
U000150,0
U000151,0
U000152,0
U000153,0
U000154,0
U000155,0
U000156,0
U000157,0
U000158,0
U000159,0
U000160,0
U000161,0
U000163,1
U000164,0
U000165,0
U000166,1
U000167,0
U000168,0
U000169,0
U000170,0
U000171,0
U000172,0
U000174,0
U000175,0
U000177,0
U000178,0
U000179,0
U000180,1
U000181,0
U000184,0
U000185,0
U000186,0
U000188,0
U000189,0
U000190,0
U000191,0
U000192,0
U000193,0
U000195,0
U000197,0
U000198,0
U000199,0
U000200,0
U000201,0
U000202,0
U000203,0
U000204,0
U000205,0
U000206,0
U000207,0
U000208,0
U000209,0
U000210,0
U000211,0
U000212,0
U000213,0
U000214,0
U000215,0
U000216,1
U000217,0
U000219,0
U000220,0
U000221,0
U000222,0
U000223,0
U000224,0
U000225,0
U000226,0
U000227,0
U000228,0
U000229,0
U000230,0
U000231,0
U000232,0
U000233,0
U000234,0
U000235,0
U000236,1
U000237,1
U000238,0
U000240,0
U000242,0
U000243,0
U000244,0
U000246,0
U000247,1
U000248,0
U000249,0
U000250,0
U000251,0
U000252,0
U000253,0
U000256,0
U000257,0
U000258,0
U000259,0
U000260,0
U000261,0
U000262,0
U000263,0
U000264,0
U000265,0
U000266,0
U000267,0
U000268,0
U000269,1
U000270,0
U000272,0
U000273,0
U000274,0
U000275,0
U000276,0
U000277,0
U000279,0
U000280,0
U000281,0
U000282,0
U000284,0
U000285,1
U000286,0
U000287,0
U000288,0
U000289,0
U000291,0
U000293,0
U000295,0
U000296,0
U000300,0
U000302,0
U000303,0
U000304,0
U000305,0
U000307,0
U000308,0
U000309,0
U000311,1
U000312,0
U000313,0
U000314,0
U000315,0
U000316,0
U000317,0
U000318,0
U000319,0
U000320,1
U000321,0
U000322,1
U000324,0
U000325,0
U000326,0
U000327,0
U000328,0
U000329,0
U000330,0
U000331,0
U000332,0
U000333,0
U000334,0
U000336,0
U000337,0
U000338,0
U000341,0
U000342,0
U000343,0
U000344,0
U000345,0
U000346,1
U000347,0
U000348,0
U000350,0
U000351,0
U000352,0
U000355,1
U000357,0
U000358,0
U000359,0
U000360,1
U000361,1
U000362,1
U000363,0
U000365,0
U000366,1
U000367,0
U000368,0
U000369,0
U000370,0
U000372,0
U000373,0
U000374,1
U000375,0
U000376,0
U000377,0
U000378,0
U000379,0
U000380,0
U000381,1
U000383,1
U000384,1
U000385,0
U000386,0
U000387,0
U000388,0
U000389,0
U000390,0
U000391,0
U000392,0
U000393,0
U000394,0
U000395,0
U000396,0
U000397,0
U000398,0
U000400,0
U000401,0
U000402,0
U000403,0
U000404,0
U000405,0
U000406,1
U000407,0
U000409,0
U000410,0
U000411,0
U000412,0
U000413,0
U000414,0
U000415,0
U000416,0
U000417,0
U000418,0
U000419,0
U000420,0
U000421,0
U000422,0
U000423,0
U000424,0
U000425,0
U000426,0
U000427,0
U000428,0
U000429,0
U000430,0
U000431,0
U000432,0
U000433,0
U000434,0
U000435,0
U000436,0
U000437,0
U000438,0
U000439,0
U000440,0
U000441,0
U000443,0
U000444,0
U000446,0
U000447,0
U000448,0
U000449,0
U000450,0
U000452,0
U000453,0
U000454,0
U000455,0
U000456,0
U000457,0
U000459,0
U000460,0
U000461,1
U000462,0
U000463,0
U000464,0
U000465,0
U000466,0
U000467,0
U000468,0
U000469,0
U000470,1
U000472,0
U000473,0
U000474,0
U000475,1
U000476,0
U000477,0
U000478,0
U000479,0
U000481,0
U000482,0
U000484,0
U000485,0
U000486,0
U000487,0
U000488,0
U000489,0
U000490,1
U000491,0
U000492,0
U000493,0
U000494,0
U000495,0
U000496,0
U000497,0
U000498,0
U000499,0
U000500,0
U000501,0
U000502,0
U000503,0
U000504,0
U000505,0
U000507,0
U000508,0
U000510,0
U000511,0
U000512,0
U000513,0
U000514,0
U000515,0
U000516,0
U000517,1
U000518,0
U000519,0
U000520,0
U000521,0
U000522,0
U000523,1
U000524,0
U000525,0
U000526,0
U000527,0
U000528,0
U000529,0
U000530,0
U000531,0
U000533,1
U000534,0
U000535,0
U000536,0
U000537,0
U000538,0
U000539,0
U000540,0
U000541,1
U000542,1
U000543,1
U000544,0
U000545,0
U000546,0
U000548,0
U000549,0
U000550,0
U000551,0
U000552,0
U000553,0
U000554,0
U000556,0
U000557,0
U000558,0
U000559,0
U000560,0
U000562,0
U000563,0
U000564,0
U000565,0
U000566,0
U000567,0
U000568,0
U000569,0
U000572,0
U000574,0
U000575,0
U000576,1
U000577,0
U000578,0
U000579,1
U000580,0
U000581,0
U000582,0
U000583,0
U000584,0
U000585,0
U000586,0
U000587,0
U000588,0
U000590,0
U000591,0
U000592,0
U000593,0
U000594,0
U000595,0
U000596,0
U000597,0
U000599,1
U000600,0
U000601,0
U000602,0
U000603,0
U000604,0
U000605,0
U000606,0
U000607,0
U000608,0
U000610,0
U000611,0
U000612,0
U000613,1
U000614,0
U000615,0
U000616,0
U000618,0
U000619,0
U000620,0
U000621,0
U000622,0
U000623,1
U000625,0
U000626,0
U000628,0
U000629,0
U000630,0
U000631,0
U000632,0
U000633,0
U000634,1
U000635,0
U000636,0
U000637,0
U000639,0
U000640,1
U000641,0
U000642,0
U000643,0
U000645,0
U000646,1
U000647,0
U000648,0
U000649,0
U000650,0
U000651,0
U000652,0
U000653,0
U000654,1
U000655,0
U000656,0
U000658,0
U000659,0
U000660,0
U000662,0
U000663,0
U000664,0
U000665,0
U000666,0
U000667,0
U000668,0
U000669,0
U000670,0
U000671,0
U000672,1
U000673,0
U000674,0
U000675,0
U000676,0
U000678,0
U000679,0
U000680,0
U000682,0
U000683,0
U000684,0
U000685,0
U000686,0
U000688,0
U000689,0
U000690,0
U000691,0
U000693,0
U000694,1
U000695,0
U000696,1
U000697,1
U000698,1
U000699,0
U000700,0
U000701,0
U000702,0
U000703,0
U000704,1
U000706,0
U000707,0
U000708,0
U000709,1
U000710,1
U000711,0
U000712,0
U000713,0
U000714,0
U000716,0
U000717,0
U000718,0
U000719,0
U000721,0
U000722,0
U000723,0
U000724,0
U000725,0
U000726,1
U000727,1
U000728,0
U000729,0
U000730,0
U000731,0
U000732,0
U000733,0
U000735,0
U000736,0
U000737,0
U000741,0
U000743,0
U000744,1
U000745,0
U000746,1
U000747,0
U000748,0
U000749,0
U000750,0
U000751,0
U000752,0
U000753,0
U000754,0
U000755,0
U000756,0
U000757,0
U000759,0
U000760,1
U000761,0
U000762,0
U000764,0
U000765,0
U000766,1
U000767,0
U000769,0
U000770,1
U000771,0
U000772,0
U000773,0
U000774,0
U000776,0
U000777,0
U000778,0
U000779,0
U000780,0
U000782,0
U000783,0
U000784,0
U000785,0
U000787,0
U000788,0
U000789,1
U000790,0
U000791,0
U000792,0
U000793,0
U000794,0
U000795,0
U000796,0
U000797,0
U000798,0
U000799,0
U000800,0
U000801,1
U000802,0
U000803,0
U000804,0
U000806,0
U000807,0
U000808,0
U000809,0
U000810,0
U000811,0
U000812,0
U000813,1
U000814,0
U000815,0
U000816,0
U000817,0
U000818,0
U000819,0
U000820,0
U000821,0
U000822,0
U000823,1
U000824,0
U000826,0
U000827,0
U000828,0
U000829,1
U000830,0
U000831,0
U000832,0
U000833,0
U000834,0
U000835,0
U000836,0
U000837,0
U000838,0
U000839,0
U000840,0
U000841,1
U000842,0
U000843,0
U000844,0
U000845,0
U000846,0
U000847,0
U000848,0
U000850,0
U000851,0
U000852,0
U000853,0
U000854,0
U000855,0
U000858,0
U000859,0
U000860,0
U000861,0
U000863,0
U000864,1
U000865,0
U000866,0
U000867,0
U000868,0
U000869,0
U000870,0
U000871,0
U000872,0
U000873,0
U000874,0
U000875,1
U000878,1
U000879,0
U000880,0
U000881,0
U000882,0
U000883,0
U000884,0
U000885,0
U000886,0
U000887,0
U000888,0
U000889,0
U000890,1
U000891,0
U000892,0
U000893,0
U000894,0
U000895,0
U000897,0
U000898,0
U000899,0
U000900,1
U000901,0
U000902,1
U000903,0
U000904,0
U000905,0
U000906,0
U000907,0
U000908,0
U000909,0
U000910,0
U000911,1
U000912,0
U000913,0
U000914,0
U000915,0
U000916,0
U000917,0
U000919,1
U000920,0
U000921,0
U000922,0
U000923,0
U000924,0
U000925,0
U000926,0
U000927,0
U000928,0
U000929,0
U000930,0
U000931,0
U000932,0
U000933,0
U000934,0
U000935,0
U000936,0
U000937,0
U000940,0
U000941,0
U000942,0
U000943,0
U000944,0
U000945,0
U000946,0
U000947,0
U000948,0
U000949,1
U000950,0
U000951,0
U000952,0
U000953,0
U000954,0
U000955,0
U000956,0
U000957,0
U000958,0
U000959,0
U000960,0
U000962,0
U000963,1
U000964,0
U000965,0
U000966,0
U000967,0
U000968,0
U000969,0
U000971,0
U000972,0
U000974,1
U000975,0
U000976,1
U000977,0
U000978,0
U000980,0
U000981,0
U000982,0
U000983,0
U000984,0
U000985,0
U000986,0
U000988,0
U000989,0
U000990,0
U000991,0
U000992,1
U000993,1
U000994,0
U000995,1
U000996,1
U000997,0
U000998,0
U000999,1
U001000,0
U001001,0
U001002,0
U001003,0
U001004,0
U001005,1
U001006,0
U001007,0
U001008,1
U001009,0
U001010,0
U001011,0
U001012,0
U001013,0
U001014,1
U001017,0
U001018,0
U001019,0
U001020,0
U001021,0
U001022,1
U001023,0
U001024,0
U001025,1
U001026,0
U001027,1
U001028,1
U001029,0
U001030,0
U001032,0
U001033,0
U001034,0
U001035,0
U001036,1
U001037,0
U001038,0
U001039,0
U001040,0
U001041,0
U001042,0
U001043,0
U001044,0
U001045,0
U001046,0
U001047,0
U001048,0
U001049,1
U001051,0
U001052,1
U001054,0
U001055,0
U001056,0
U001057,0
U001058,0
U001059,0
U001060,0
U001061,0
U001062,1
U001063,0
U001064,0
U001065,0
U001066,0
U001067,0
U001068,0
U001069,0
U001070,1
U001072,0
U001073,0
U001074,0
U001075,0
U001076,0
U001079,0
U001080,0
U001082,0
U001083,0
U001085,0
U001086,0
U001087,0
U001088,0
U001091,0
U001092,0
U001093,0
U001094,0
U001095,0
U001096,0
U001097,0
U001098,0
U001099,0
U001100,0
U001101,0
U001102,0
U001103,0
U001105,0
U001106,0
U001107,0
U001109,0
U001110,0
U001111,0
U001112,0
U001113,0
U001114,0
U001117,0
U001121,0
U001122,0
U001123,0
U001124,0
U001125,0
U001126,0
U001127,0
U001128,0
U001129,0
U001130,0
U001131,0
U001132,0
U001133,0
U001134,0
U001136,0
U001137,0
U001139,0
U001140,0
U001142,0
U001143,0
U001144,1
U001145,0
U001146,0
U001147,0
U001148,0
U001149,0
U001150,0
U001151,0
U001152,0
U001153,0
U001154,0
U001155,0
U001156,0
U001157,0
U001158,0
U001159,0
U001160,0
U001161,0
U001162,0
U001163,0
U001164,0
U001165,0
U001166,0
U001167,0
U001169,0
U001170,1
U001171,0
U001172,0
U001175,0
U001176,0
U001177,0
U001178,0
U001179,0
U001180,0
U001181,0
U001182,0
U001183,0
U001184,0
U001185,0
U001187,0
U001188,0
U001189,0
U001190,0
U001191,0
U001192,0
U001193,1
U001194,1
U001195,0
U001196,0
U001197,0
U001199,0
U001200,0
U001201,0
U001202,0
U001203,0
U001204,0
U001205,0
U001206,0
U001207,0
U001208,1
U001209,0
U001210,0
U001211,0
U001212,1
U001213,0
U001214,0
U001215,0
U001216,0
U001217,0
U001218,0
U001219,0
U001220,0
U001221,0
U001222,0
U001223,0
U001224,0
U001225,0
U001226,0
U001227,1
U001228,0
U001229,0
U001230,0
U001232,0
U001233,0
U001234,0
U001235,0
U001236,1
U001237,0
U001238,0
U001239,0
U001240,0
U001241,0
U001242,0
U001243,0
U001244,0
U001245,1
U001246,0
U001247,0
U001248,1
U001250,0
U001252,0
U001253,0
U001254,1
U001255,0
U001257,0
U001258,0
U001259,0
U001260,0
U001261,0
U001262,0
U001263,0
U001264,0
U001265,0
U001266,0
U001267,0
U001268,0
U001272,0
U001273,0
U001274,0
U001275,0
U001276,0
U001277,0
U001278,0
U001279,0
U001280,0
U001282,0
U001283,0
U001284,0
U001285,1
U001286,0
U001287,0
U001288,0
U001289,0
U001290,0
U001291,0
U001292,1
U001293,0
U001294,0
U001295,0
U001296,0
U001298,0
U001299,0
U001300,0
U001301,0
U001302,1
U001303,0
U001304,0
U001306,0
U001307,0
U001308,0
U001309,0
U001310,0
U001311,0
U001312,0
U001313,0
U001314,0
U001315,0
U001316,0
U001317,0
U001319,0
U001321,0
U001322,0
U001323,0
U001325,0
U001326,0
U001327,0
U001328,0
U001329,0
U001330,1
U001331,0
U001332,0
U001333,0
U001335,0
U001336,0
U001338,0
U001339,0
U001340,0
U001341,0
U001342,0
U001343,0
U001344,0
U001345,0
U001346,0
U001347,0
U001348,0
U001349,0
U001350,0
U001351,1
U001353,0
U001354,0
U001355,0
U001356,0
U001357,0
U001358,0
U001359,0
U001361,0
U001362,0
U001363,0
U001364,0
U001365,1
U001366,0
U001367,1
U001368,1
U001369,0
U001370,0
U001371,0
U001373,0
U001374,0
U001375,1
U001376,0
U001377,0
U001378,0
U001380,0
U001381,0
U001382,0
U001383,0
U001384,0
U001385,0
U001386,1
U001387,0
U001388,0
U001389,0
U001390,0
U001391,1
U001392,1
U001393,0
U001394,0
U001395,0
U001396,0
U001397,0
U001398,0
U001399,0
U001400,0
U001401,0
U001402,0
U001403,0
U001405,0
U001406,0
U001407,0
U001409,0
U001411,0
U001412,0
U001413,0
U001414,0
U001415,0
U001416,0
U001417,0
U001418,0
U001419,0
U001420,0
U001421,0
U001422,0
U001424,0
U001425,0
U001426,0
U001427,0
U001428,0
U001429,1
U001430,1
U001431,0
U001433,0
U001434,0
U001435,0
U001437,0
U001438,0
U001439,0
U001440,0
U001441,0
U001442,0
U001444,1
U001445,0
U001446,0
U001447,0
U001448,0
U001449,0
U001450,0
U001452,0
U001453,0
U001454,0
U001456,0
U001457,0
U001458,0
U001460,1
U001461,0
U001462,1
U001463,0
U001464,0
U001465,0
U001467,0
U001468,0
U001469,0
U001470,0
U001471,1
U001472,0
U001474,0
U001475,0
U001476,0
U001477,0
U001478,0
U001479,0
U001480,1
U001481,0
U001482,0
U001483,0
U001484,0
U001485,0
U001486,0
U001487,0
U001488,0
U001489,0
U001490,0
U001491,0
U001492,0
U001493,0
U001494,0
U001495,0
U001497,1
U001498,0
U001499,0
U001500,0
U001501,0
U001502,1
U001503,0
U001507,0
U001508,0
U001509,0
U001510,0
U001511,0
U001513,0
U001514,0
U001515,1
U001516,1
U001517,0
U001521,1
U001522,0
U001523,0
U001526,0
U001527,0
U001528,0
U001529,0
U001530,1
U001532,0
U001533,0
U001534,0
U001536,0
U001538,0
U001540,0
U001541,0
U001542,0
U001543,0
U001544,0
U001545,1
U001546,0
U001547,0
U001548,0
U001550,0
U001551,0
U001552,0
U001553,0
U001554,1
U001555,0
U001556,0
U001557,0
U001558,0
U001559,0
U001560,0
U001561,0
U001563,0
U001564,1
U001565,0
U001566,0
U001567,0
U001568,0
U001569,0
U001570,1
U001571,0
U001573,0
U001574,1
U001575,1
U001576,0
U001577,0
U001578,0
U001579,0
U001580,1
U001581,0
U001582,0
U001585,0
U001586,0
U001587,0
U001588,0
U001590,0
U001591,0
U001592,0
U001593,0
U001594,0
U001595,0
U001596,0
U001597,0
U001598,0
U001599,0
U001600,0
U001602,1
U001603,0
U001604,0
U001606,0
U001607,0
U001608,0
U001609,1
U001610,0
U001611,0
U001612,0
U001613,1
U001614,0
U001615,1
U001617,1
U001618,0
U001619,0
U001620,1
U001621,0
U001623,0
U001624,0
U001625,0
U001626,0
U001627,0
U001628,0
U001629,0
U001630,0
U001631,0
U001632,0
U001633,0
U001634,0
U001635,0
U001636,0
U001637,0
U001638,0
U001639,0
U001640,0
U001641,0
U001643,0
U001644,0
U001645,0
U001646,0
U001647,0
U001648,0
U001649,0
U001650,0
U001651,0
U001652,0
U001653,0
U001654,0
U001656,0
U001657,0
U001658,0
U001660,0
U001661,0
U001662,0
U001663,0
U001664,0
U001665,0
U001666,0
U001667,0
U001668,0
U001669,0
U001670,0
U001672,1
U001673,0
U001674,0
U001676,0
U001677,0
U001678,0
U001679,0
U001680,0
U001681,0
U001682,0
U001683,0
U001684,0
U001687,0
U001688,1
U001689,0
U001691,0
U001692,0
U001693,0
U001694,0
U001695,0
U001696,0
U001698,1
U001699,0
U001700,0
U001701,0
U001703,1
U001704,0
U001705,0
U001707,1
U001708,0
U001709,0
U001710,0
U001711,0
U001713,0
U001714,0
U001715,0
U001716,1
U001717,0
U001718,0
U001719,1
U001720,0
U001721,0
U001722,0
U001723,0
U001724,0
U001725,0
U001726,0
U001728,0
U001729,0
U001730,0
U001732,0
U001733,0
U001734,0
U001735,0
U001736,0
U001737,0
U001738,0
U001739,0
U001740,0
U001741,0
U001744,0
U001746,0
U001748,0
U001750,0
U001751,0
U001752,0
U001753,0
U001754,0
U001755,0
U001756,0
U001759,0
U001761,0
U001762,0
U001763,0
U001767,0
U001768,0
U001769,0
U001770,0
U001771,0
U001772,0
U001773,0
U001774,0
U001775,0
U001776,0
U001777,0
U001778,0
U001779,0
U001780,0
U001781,1
U001782,0
U001783,0
U001784,0
U001785,0
U001789,0
U001790,0
U001791,0
U001793,0
U001794,0
U001795,0
U001796,0
U001798,0
U001799,0
U001800,0
U001801,0
U001802,0
U001804,0
U001805,0
U001806,0
U001807,0
U001808,1
U001809,0
U001810,0
U001811,1
U001812,0
U001813,0
U001814,0
U001815,0
U001816,0
U001817,0
U001818,0
U001819,0
U001820,0
U001821,0
U001822,0
U001823,0
U001824,0
U001825,0
U001826,0
U001827,0
U001828,0
U001830,1
U001831,0
U001832,0
U001833,0
U001834,0
U001835,0
U001838,0
U001839,0
U001840,0
U001841,0
U001842,0
U001843,0
U001844,0
U001845,0
U001846,0
U001847,0
U001848,0
U001849,0
U001850,0
U001851,0
U001852,0
U001853,0
U001854,0
U001855,0
U001857,0
U001858,0
U001859,0
U001860,0
U001861,0
U001862,0
U001863,0
U001864,1
U001865,0
U001866,0
U001868,0
U001869,0
U001870,0
U001871,0
U001872,0
U001873,1
U001874,0
U001875,0
U001876,0
U001877,0
U001878,0
U001879,0
U001880,0
U001881,0
U001883,0
U001884,1
U001885,0
U001886,0
U001887,0
U001888,1
U001890,0
U001891,0
U001892,0
U001893,0
U001895,0
U001896,0
U001899,1
U001900,0
U001901,0
U001902,0
U001903,0
U001904,0
U001905,0
U001906,0
U001907,0
U001908,0
U001909,0
U001910,0
U001911,0
U001912,0
U001914,0
U001916,0
U001917,0
U001918,0
U001919,0
U001921,0
U001923,0
U001924,0
U001925,0
U001926,0
U001928,0
U001929,0
U001930,0
U001931,0
U001932,0
U001933,0
U001934,0
U001935,0
U001937,0
U001938,0
U001939,0
U001940,0
U001941,0
U001943,0
U001944,0
U001945,0
U001946,1
U001947,0
U001948,0
U001949,0
U001950,0
U001951,0
U001952,0
U001953,1
U001954,0
U001955,0
U001956,0
U001957,0
U001958,0
U001959,1
U001960,0
U001961,0
U001962,0
U001963,0
U001964,0
U001965,0
U001966,0
U001967,0
U001968,0
U001969,0
U001970,0
U001971,0
U001972,0
U001973,0
U001974,0
U001976,0
U001977,0
U001978,0
U001981,0
U001982,0
U001983,0
U001984,1
U001986,0
U001987,0
U001988,0
U001989,0
U001990,0
U001991,0
U001992,0
U001993,0
U001994,0
U001995,0
U001996,0
U001997,0
U001998,0
U001999,0
U002000,0
U002001,0
U002002,1
U002003,0
U002004,0
U002005,0
U002006,0
U002007,0
U002008,0
U002009,0
U002010,0
U002011,0
U002013,0
U002015,0
U002016,0
U002017,0
U002018,0
U002019,0
U002020,0
U002022,0
U002023,0
U002024,0
U002025,0
U002026,0
U002028,0
U002029,0
U002030,0
U002031,0
U002032,1
U002033,0
U002034,0
U002035,0
U002037,0
U002038,0
U002039,0
U002040,0
U002041,0
U002042,0
U002043,0
U002044,0
U002045,0
U002046,0
U002048,0
U002049,0
U002050,1
U002051,0
U002052,0
U002053,0
U002054,0
U002055,0
U002056,0
U002057,0
U002058,0
U002059,0
U002061,0
U002062,1
U002063,0
U002064,0
U002065,0
U002067,0
U002070,1
U002071,0
U002072,0
U002073,0
U002074,0
U002075,0
U002076,0
U002077,0
U002079,0
U002081,0
U002082,0
U002084,1
U002085,0
U002086,0
U002087,0
U002088,0
U002089,0
U002090,0
U002091,0
U002092,0
U002093,0
U002094,0
U002095,0
U002097,1
U002098,0
U002099,0
U002100,1
U002102,0
U002103,1
U002104,1
U002105,0
U002106,0
U002107,0
U002108,0
U002110,1
U002111,0
U002112,0
U002113,0
U002114,0
U002115,0
U002116,0
U002117,1
U002118,0
U002119,0
U002121,0
U002122,0
U002123,0
U002124,0
U002126,0
U002127,0
U002128,0
U002130,0
U002131,0
U002132,0
U002133,1
U002134,1
U002135,0
U002136,0
U002137,0
U002138,0
U002139,0
U002141,0
U002142,0
U002143,0
U002144,0
U002145,0
U002146,0
U002147,1
U002148,0
U002150,0
U002151,0
U002152,0
U002154,0
U002155,0
U002156,1
U002157,0
U002158,0
U002159,0
U002160,0
U002161,0
U002162,0
U002163,0
U002164,1
U002165,0
U002166,0
U002167,0
U002168,0
U002169,0
U002170,0
U002171,0
U002172,0
U002174,1
U002175,0
U002176,0
U002177,0
U002178,0
U002179,0
U002180,0
U002181,0
U002182,0
U002183,0
U002184,0
U002185,0
U002186,0
U002187,0
U002188,1
U002189,0
U002190,0
U002191,0
U002192,0
U002193,0
U002194,0
U002195,0
U002196,0
U002197,0
U002198,0
U002199,0
U002201,0
U002203,0
U002204,0
U002205,0
U002206,0
U002207,1
U002208,0
U002209,0
U002210,1
U002211,0
U002212,0
U002213,1
U002214,0
U002215,0
U002216,0
U002217,0
U002218,1
U002219,0
U002220,0
U002221,0
U002222,0
U002223,0
U002224,0
U002225,0
U002227,0
U002228,0
U002229,0
U002230,0
U002231,0
U002232,0
U002233,1
U002234,0
U002235,0
U002236,0
U002238,0
U002239,0
U002241,0
U002242,0
U002243,0
U002244,0
U002245,1
U002246,0
U002247,0
U002248,0
U002249,0
U002250,0
U002252,0
U002253,0
U002254,0
U002255,0
U002256,0
U002257,0
U002258,1
U002259,0
U002260,0
U002261,0
U002262,0
U002263,0
U002264,0
U002265,0
U002266,0
U002267,0
U002269,1
U002270,0
U002272,0
U002273,0
U002274,0
U002275,0
U002276,1
U002277,1
U002279,1
U002280,0
U002282,0
U002283,1
U002284,0
U002285,0
U002286,0
U002287,1
U002288,0
U002289,0
U002290,0
U002291,0
U002292,0
U002294,0
U002295,0
U002296,0
U002297,0
U002298,0
U002299,0
U002300,0
U002301,0
U002302,0
U002303,0
U002304,0
U002305,0
U002306,0
U002308,0
U002309,0
U002310,0
U002311,0
U002312,0
U002313,0
U002314,0
U002315,0
U002316,0
U002317,0
U002318,0
U002319,0
U002320,0
U002321,0
U002322,0
U002324,0
U002325,0
U002326,0
U002327,0
U002328,0
U002329,0
U002330,0
U002331,0
U002332,0
U002333,0
U002334,0
U002335,1
U002336,0
U002337,0
U002338,0
U002339,0
U002340,0
U002341,0
U002342,0
U002343,0
U002344,0
U002345,0
U002348,0
U002349,0
U002351,0
U002352,1
U002353,0
U002355,0
U002356,1
U002357,0
U002358,0
U002359,0
U002360,1
U002361,0
U002362,1
U002363,0
U002364,0
U002365,0
U002367,0
U002368,0
U002369,0
U002370,0
U002371,0
U002373,0
U002375,0
U002376,0
U002377,0
U002378,0
U002379,0
U002380,0
U002381,0
U002382,1
U002383,0
U002384,0
U002385,0
U002386,0
U002387,0
U002388,0
U002389,0
U002390,0
U002391,0
U002392,0
U002393,0
U002394,1
U002395,0
U002396,0
U002397,0
U002398,0
U002399,0
U002400,0
U002402,1
U002403,0
U002404,1
U002405,1
U002406,0
U002407,0
U002408,0
U002409,1
U002412,0
U002413,1
U002414,0
U002415,0
U002416,0
U002417,0
U002418,0
U002419,0
U002420,0
U002422,1
U002425,0
U002426,0
U002427,0
U002429,0
U002430,0
U002431,0
U002432,0
U002433,0
U002434,0
U002436,0
U002438,0
U002439,0
U002441,0
U002443,1
U002444,0
U002445,0
U002446,0
U002447,0
U002448,0
U002449,0
U002450,0
U002451,0
U002453,0
U002454,0
U002455,0
U002456,1
U002457,0
U002458,0
U002459,0
U002460,0
U002461,0
U002462,0
U002463,0
U002465,0
U002467,0
U002468,0
U002469,0
U002470,0
U002471,0
U002472,0
U002473,1
U002474,0
U002475,1
U002476,0
U002477,0
U002478,0
U002480,0
U002481,0
U002482,0
U002483,0
U002484,0
U002485,0
U002486,1
U002487,1
U002488,0
U002489,0
U002490,0
U002491,0
U002492,0
U002493,0
U002494,0
U002495,0
U002497,0
U002498,1
U002499,0
U002500,0
U002501,0
U002503,0
U002504,0
U002505,0
U002506,0
U002507,0
U002510,1
U002512,0
U002513,0
U002514,0
U002515,0
U002516,1
U002517,0
U002518,0
U002519,0
U002520,0
U002521,0
U002522,0
U002523,0
U002524,0
U002525,0
U002526,0
U002527,1
U002528,0
U002529,0
U002530,0
U002531,0
U002532,1
U002533,0
U002534,0
U002537,0
U002538,0
U002542,0
U002543,0
U002544,0
U002545,0
U002547,0
U002549,0
U002550,1
U002551,0
U002552,0
U002553,0
U002554,0
U002555,0
U002556,0
U002557,1
U002558,0
U002559,0
U002560,0
U002561,0
U002562,0
U002563,0
U002564,1
U002565,0
U002566,0
U002567,0
U002568,1
U002569,0
U002570,0
U002571,0
U002572,0
U002573,0
U002574,0
U002575,0
U002576,0
U002577,0
U002579,1
U002580,0
U002581,0
U002582,0
U002584,0
U002585,0
U002586,0
U002587,0
U002588,0
U002589,0
U002590,0
U002591,1
U002592,0
U002593,0
U002594,0
U002595,0
U002596,0
U002597,0
U002598,0
U002599,0
U002600,1
U002601,0
U002602,0
U002603,0
U002604,0
U002605,0
U002606,0
U002607,0
U002610,0
U002611,0
U002612,0
U002613,1
U002614,0
U002616,0
U002617,0
U002618,0
U002619,0
U002620,0
U002621,1
U002622,0
U002623,0
U002624,1
U002625,0
U002626,0
U002627,0
U002628,0
U002629,0
U002630,0
U002631,0
U002632,0
U002633,0
U002634,0
U002636,0
U002637,1
U002638,0
U002639,0
U002640,0
U002641,0
U002642,0
U002643,0
U002644,1
U002645,1
U002646,0
U002647,0
U002648,0
U002649,1
U002650,0
U002651,0
U002652,0
U002653,0
U002655,0
U002656,0
U002657,0
U002658,0
U002659,0
U002660,0
U002661,0
U002662,0
U002663,0
U002664,0
U002665,0
U002666,0
U002667,1
U002668,0
U002669,0
U002671,0
U002672,0
U002673,0
U002674,0
U002675,0
U002676,0
U002677,0
U002678,0
U002679,0
U002680,0
U002681,0
U002682,0
U002683,0
U002684,0
U002685,0
U002686,0
U002687,0
U002688,0
U002689,0
U002690,0
U002691,0
U002692,0
U002693,0
U002694,0
U002695,0
U002696,0
U002697,0
U002699,0
U002700,0
U002701,0
U002702,0
U002703,0
U002704,0
U002705,0
U002706,0
U002707,0
U002708,0
U002710,0
U002711,0
U002713,0
U002715,0
U002716,0
U002717,0
U002718,0
U002719,0
U002720,0
U002721,0
U002722,0
U002725,1
U002726,0
U002727,0
U002728,0
U002729,0
U002730,0
U002731,0
U002732,1
U002733,0
U002735,0
U002736,0
U002737,0
U002738,0
U002739,0
U002740,0
U002741,0
U002743,1
U002744,0
U002745,0
U002746,0
U002747,1
U002748,1
U002749,0
U002751,0
U002752,0
U002753,0
U002754,0
U002755,0
U002756,0
U002758,0
U002759,0
U002761,0
U002762,0
U002763,0
U002764,1
U002765,0
U002766,0
U002767,0
U002768,0
U002769,0
U002770,0
U002771,0
U002773,0
U002774,0
U002775,0
U002776,0
U002778,0
U002780,0
U002781,0
U002783,0
U002784,0
U002785,0
U002786,0
U002787,0
U002788,0
U002789,0
U002790,0
U002791,0
U002792,0
U002793,0
U002794,0
U002796,1
U002797,0
U002798,1
U002799,0
U002800,0
U002801,1
U002802,0
U002804,0
U002805,0
U002806,0
U002807,0
U002808,0
U002809,0
U002810,0
U002811,0
U002812,1
U002813,1
U002814,0
U002815,0
U002816,0
U002818,0
U002819,0
U002820,0
U002821,0
U002822,0
U002823,0
U002824,0
U002825,0
U002826,0
U002828,0
U002830,0
U002831,0
U002832,0
U002833,0
U002834,0
U002835,0
U002836,0
U002837,0
U002838,1
U002839,0
U002840,0
U002841,0
U002842,0
U002843,0
U002844,0
U002845,0
U002846,0
U002847,0
U002848,0
U002849,0
U002850,0
U002851,0
U002852,0
U002853,0
U002854,0
U002857,0
U002858,0
U002859,0
U002860,0
U002862,0
U002863,0
U002865,0
U002866,0
U002867,0
U002868,0
U002870,0
U002871,0
U002872,0
U002874,0
U002876,0
U002877,0
U002878,1
U002879,1
U002880,0
U002881,0
U002882,0
U002884,0
U002885,0
U002886,0
U002889,0
U002891,0
U002892,0
U002893,0
U002894,0
U002895,0
U002896,0
U002897,0
U002899,0
U002901,0
U002902,0
U002903,1
U002904,1
U002905,1
U002906,0
U002907,0
U002908,0
U002909,0
U002910,0
U002911,0
U002912,0
U002914,0
U002915,1
U002916,0
U002917,0
U002919,0
U002920,0
U002921,0
U002922,0
U002923,0
U002924,0
U002925,0
U002927,0
U002928,0
U002929,0
U002930,0
U002931,0
U002932,0
U002933,0
U002934,0
U002935,1
U002937,0
U002938,0
U002939,0
U002940,0
U002941,0
U002942,0
U002943,0
U002944,0
U002945,0
U002947,0
U002949,0
U002950,0
U002951,0
U002952,0
U002953,0
U002954,0
U002955,1
U002956,0
U002957,0
U002958,1
U002959,0
U002960,0
U002961,0
U002962,0
U002963,0
U002964,0
U002965,0
U002967,0
U002968,0
U002969,0
U002971,0
U002972,0
U002974,0
U002975,1
U002976,0
U002977,1
U002978,0
U002979,0
U002980,0
U002981,0
U002982,0
U002983,0
U002984,0
U002985,0
U002986,0
U002987,0
U002988,0
U002989,0
U002990,0
U002991,0
U002992,0
U002993,0
U002994,0
U002995,0
U002996,0
U002997,0
U002998,0
U002999,1
U003000,0
U003001,0
U003002,0
U003004,0
U003005,0
U003006,0
U003007,0
U003008,0
U003009,0
U003011,0
U003012,0
U003014,0
U003015,0
U003017,0
U003018,0
U003019,0
U003020,0
U003021,0
U003022,0
U003023,0
U003024,0
U003025,0
U003026,0
U003027,0
U003029,0
U003030,0
U003031,0
U003032,0
U003033,0
U003034,0
U003035,0
U003036,0
U003037,0
U003038,0
U003039,0
U003040,1
U003041,0
U003042,0
U003043,1
U003044,0
U003045,0
U003046,0
U003048,0
U003049,0
U003050,0
U003051,1
U003052,0
U003053,0
U003054,0
U003055,0
U003056,0
U003057,0
U003058,0
U003059,0
U003061,0
U003063,0
U003064,0
U003065,0
U003066,0
U003067,0
U003068,0
U003071,0
U003072,0
U003073,0
U003074,0
U003075,0
U003076,0
U003077,0
U003078,1
U003079,0
U003080,0
U003082,0
U003083,0
U003084,0
U003085,0
U003086,1
U003088,0
U003089,0
U003090,0
U003091,0
U003093,0
U003094,0
U003095,0
U003096,0
U003098,0
U003099,0
U003100,1
U003101,0
U003102,0
U003103,0
U003104,0
U003106,0
U003107,0
U003108,1
U003109,0
U003110,1
U003112,0
U003113,0
U003114,0
U003115,0
U003116,0
U003117,1
U003118,0
U003120,0
U003121,0
U003122,0
U003124,0
U003125,1
U003126,1
U003127,0
U003128,0
U003129,0
U003130,0
U003131,0
U003133,0
U003134,1
U003135,0
U003137,0
U003138,0
U003139,0
U003140,0
U003141,0
U003142,0
U003144,1
U003145,1
U003146,0
U003147,0
U003150,0
U003151,0
U003152,0
U003153,0
U003154,1
U003155,1
U003156,0
U003157,0
U003158,0
U003159,0
U003160,1
U003161,0
U003162,0
U003163,1
U003164,0
U003165,0
U003166,0
U003167,0
U003168,0
U003169,0
U003170,0
U003172,0
U003173,0
U003174,1
U003175,0
U003176,0
U003177,0
U003178,0
U003179,0
U003180,0
U003181,0
U003182,0
U003183,1
U003184,0
U003185,1
U003187,0
U003188,0
U003189,0
U003190,0
U003191,1
U003192,0
U003193,0
U003194,0
U003195,0
U003196,0
U003198,0
U003199,0
U003200,0
U003202,0
U003203,0
U003204,0
U003205,0
U003206,0
U003207,1
U003208,1
U003209,0
U003210,0
U003212,0
U003213,0
U003214,0
U003215,0
U003216,0
U003217,0
U003218,0
U003219,0
U003220,1
U003221,0
U003222,0
U003223,0
U003224,0
U003225,0
U003226,0
U003227,0
U003228,0
U003229,0
U003230,1
U003231,0
U003232,0
U003233,1
U003236,0
U003237,0
U003238,0
U003239,0
U003240,0
U003241,0
U003242,0
U003243,0
U003244,0
U003245,0
U003246,0
U003247,0
U003248,0
U003249,0
U003250,0
U003251,0
U003252,0
U003253,0
U003254,1
U003255,0
U003256,1
U003257,0
U003258,0
U003260,0
U003261,0
U003262,0
U003264,0
U003265,0
U003266,0
U003268,0
U003269,0
U003270,0
U003271,1
U003272,0
U003273,0
U003274,0
U003275,0
U003276,0
U003277,0
U003278,0
U003279,0
U003280,0
U003281,0
U003282,0
U003283,0
U003284,0
U003285,0
U003286,0
U003287,0
U003289,0
U003290,0
U003291,0
U003292,0
U003293,0
U003294,1
U003295,0
U003297,0
U003299,0
U003300,0
U003301,0
U003302,0
U003303,0
U003304,0
U003305,0
U003306,0
U003307,0
U003308,0
U003309,1
U003310,0
U003311,1
U003312,0
U003314,0
U003315,0
U003316,0
U003317,0
U003318,0
U003319,0
U003321,0
U003322,0
U003323,0
U003324,0
U003325,0
U003326,0
U003327,0
U003328,1
U003330,0
U003331,0
U003332,0
U003333,0
U003334,0
U003335,0
U003336,0
U003337,0
U003339,0
U003340,0
U003341,0
U003342,0
U003343,0
U003344,1
U003345,1
U003346,0
U003347,0
U003349,0
U003351,0
U003352,0
U003353,0
U003354,0
U003356,0
U003357,0
U003359,0
U003360,0
U003361,0
U003362,0
U003363,0
U003365,0
U003366,0
U003367,0
U003368,0
U003370,0
U003371,0
U003372,0
U003374,0
U003375,0
U003376,0
U003377,0
U003378,0
U003379,0
U003380,0
U003381,0
U003382,0
U003383,0
U003384,0
U003385,0
U003386,0
U003387,0
U003388,0
U003389,0
U003390,0
U003392,0
U003393,0
U003394,0
U003395,0
U003396,0
U003397,0
U003398,0
U003399,0
U003400,0
U003401,0
U003402,0
U003404,0
U003406,0
U003407,0
U003408,0
U003409,0
U003410,1
U003411,0
U003412,0
U003413,0
U003414,0
U003415,0
U003416,0
U003417,0
U003418,0
U003419,0
U003422,1
U003423,0
U003424,0
U003425,1
U003426,0
U003427,0
U003428,0
U003429,0
U003430,0
U003431,0
U003432,0
U003433,0
U003434,0
U003435,0
U003436,0
U003437,0
U003438,1
U003439,0
U003440,0
U003441,0
U003442,0
U003443,0
U003444,0
U003445,0
U003446,0
U003447,0
U003448,0
U003449,0
U003450,1
U003451,0
U003454,0
U003455,0
U003456,0
U003457,0
U003458,0
U003459,0
U003460,0
U003461,0
U003462,0
U003463,0
U003464,1
U003465,0
U003466,0
U003467,0
U003468,0
U003469,0
U003470,0
U003471,0
U003472,0
U003473,0
U003474,0
U003475,0
U003477,0
U003478,1
U003479,0
U003480,1
U003481,0
U003482,0
U003483,0
U003485,0
U003486,0
U003487,0
U003488,0
U003490,1
U003491,0
U003492,0
U003494,0
U003495,1
U003496,0
U003497,0
U003498,0
U003499,0
U003500,0
U003501,0
U003502,0
U003503,0
U003504,0
U003505,0
U003506,0
U003507,0
U003508,0
U003509,0
U003510,0
U003512,0
U003513,0
U003514,0
U003515,0
U003516,0
U003517,0
U003518,0
U003520,0
U003521,0
U003522,0
U003523,0
U003524,0
U003525,0
U003526,0
U003527,0
U003528,0
